{"cameraMode":{"drawMode":2,"name":"Shaded Wireframe","section":"Shading Mode"},"sceneLighting":true,"audioPlay":false,"sceneViewState":{"showFog":false,"showMaterialUpdate":false,"showSkybox":false,"showFlares":false,"showImageEffects":false,"showParticleSystems":false},"in2DMode":false,"pivot":{"x":-17.087831497192384,"y":-45.503143310546878,"z":-51.860504150390628},"rotation":{"x":-0.00038720789598301053,"y":0.9464268088340759,"z":-0.3229162395000458,"w":-0.0011349100386723877},"size":533.0047607421875,"orthographic":false}